{"cameraMode":{"drawMode":0,"name":"Shaded","section":"Shading Mode"},"sceneLighting":false,"audioPlay":false,"sceneViewState":{"showFog":true,"showMaterialUpdate":false,"showSkybox":true,"showFlares":true,"showImageEffects":true,"showParticleSystems":true},"in2DMode":false,"pivot":{"x":-16.710309982299806,"y":2.25,"z":-7.330691337585449},"rotation":{"x":-0.004812478553503752,"y":-0.024906100705266,"z":0.00011836936755571514,"w":-0.9996782541275024},"size":2.542968988418579,"orthographic":false}