{"cameraMode":{"drawMode":0,"name":"Shaded","section":"Shading Mode"},"sceneLighting":false,"audioPlay":false,"sceneViewState":{"showFog":true,"showMaterialUpdate":false,"showSkybox":true,"showFlares":true,"showImageEffects":true,"showParticleSystems":true},"in2DMode":false,"pivot":{"x":2.374051809310913,"y":5.421670913696289,"z":62.73212814331055},"rotation":{"x":-0.004812478553503752,"y":-0.024906100705266,"z":0.00011836936755571514,"w":-0.9996782541275024},"size":48.862510681152347,"orthographic":false}