{"cameraMode":{"drawMode":0,"name":"Shaded","section":"Shading Mode"},"sceneLighting":false,"audioPlay":false,"sceneViewState":{"showFog":true,"showMaterialUpdate":false,"showSkybox":true,"showFlares":true,"showImageEffects":true,"showParticleSystems":true},"in2DMode":false,"pivot":{"x":-6.380275726318359,"y":0.09000003337860108,"z":-15.998489379882813},"rotation":{"x":-0.004812478553503752,"y":-0.024906100705266,"z":0.00011836936755571514,"w":-0.9996782541275024},"size":12.490650177001954,"orthographic":false}