{"cameraMode":{"drawMode":0,"name":"Shaded","section":"Shading Mode"},"sceneLighting":false,"audioPlay":false,"sceneViewState":{"showFog":true,"showMaterialUpdate":false,"showSkybox":true,"showFlares":true,"showImageEffects":true,"showParticleSystems":true},"in2DMode":false,"pivot":{"x":0.0,"y":-1.3848679065704346,"z":10.582446098327637},"rotation":{"x":-0.19228430092334748,"y":-0.13291344046592713,"z":0.026293547824025155,"w":-0.9719410538673401},"size":321.362548828125,"orthographic":false}