{"cameraMode":{"drawMode":0,"name":"Shaded","section":"Shading Mode"},"sceneLighting":false,"audioPlay":false,"sceneViewState":{"showFog":true,"showMaterialUpdate":false,"showSkybox":true,"showFlares":true,"showImageEffects":true,"showParticleSystems":true},"in2DMode":false,"pivot":{"x":0.0916748046875,"y":-0.01587677001953125,"z":-2.4982686042785646},"rotation":{"x":-0.10511861741542816,"y":-0.0038874426390975715,"z":0.0004093852767255157,"w":-0.9944520592689514},"size":125.42510986328125,"orthographic":false}