{"cameraMode":{"drawMode":0,"name":"Shaded","section":"Shading Mode"},"sceneLighting":false,"audioPlay":false,"sceneViewState":{"showFog":true,"showMaterialUpdate":false,"showSkybox":true,"showFlares":true,"showImageEffects":true,"showParticleSystems":true},"in2DMode":false,"pivot":{"x":2.309619426727295,"y":0.16494989395141602,"z":-1.1991429328918458},"rotation":{"x":-0.2986357808113098,"y":-0.24076279997825623,"z":0.07813490927219391,"w":-0.9201874136924744},"size":9.010531425476075,"orthographic":false}