{"cameraMode":{"drawMode":0,"name":"Shaded","section":"Shading Mode"},"sceneLighting":false,"audioPlay":false,"sceneViewState":{"showFog":true,"showMaterialUpdate":false,"showSkybox":true,"showFlares":true,"showImageEffects":true,"showParticleSystems":true},"in2DMode":false,"pivot":{"x":6.386297225952148,"y":-9.21919059753418,"z":25.607337951660158},"rotation":{"x":-0.004812478553503752,"y":-0.024906100705266,"z":0.00011836936755571514,"w":-0.9996782541275024},"size":50.33402633666992,"orthographic":false}