{"cameraMode":{"drawMode":0,"name":"Shaded","section":"Shading Mode"},"sceneLighting":false,"audioPlay":false,"sceneViewState":{"showFog":true,"showMaterialUpdate":false,"showSkybox":true,"showFlares":true,"showImageEffects":true,"showParticleSystems":true},"in2DMode":false,"pivot":{"x":-0.8050479888916016,"y":0.8262917995452881,"z":63.12055587768555},"rotation":{"x":-0.004812478553503752,"y":-0.024906100705266,"z":0.00011836936755571514,"w":-0.9996782541275024},"size":55.397056579589847,"orthographic":false}