{"cameraMode":{"drawMode":0,"name":"Shaded","section":"Shading Mode"},"sceneLighting":false,"audioPlay":false,"sceneViewState":{"showFog":true,"showMaterialUpdate":false,"showSkybox":true,"showFlares":true,"showImageEffects":true,"showParticleSystems":true},"in2DMode":false,"pivot":{"x":0.039999961853027347,"y":-2.000000238418579,"z":2.384185791015625e-7},"rotation":{"x":-0.2766857445240021,"y":-0.3791002035140991,"z":0.1198955550789833,"w":-0.8748446702957153},"size":318.3257751464844,"orthographic":false}